{
    "accuracy": 0.656144578313253,
    "precision": 0.749809885931559,
    "recall": 0.4731285988483685,
    "auc": 0.726579962950094
}