{
    "accuracy": 0.6906024096385542,
    "precision": 0.7724795640326976,
    "recall": 0.5441458733205374,
    "auc": 0.7698200273879446
}